 Date;Time;Temperature (C);Sky Conditions;Cloud Cover (%);Real Feel (C);Wind Direction;Wind Speed (km/h);Humidity (%);UV Index (x/10);Probability of Rain (%);Rain Amount (mm) 
 30-Sep-2022 01:00;14;Partly Cloudy Night;2;14;NE;2 ;83;0;47;0  
 30-Sep-2022 02:00;14;Partly Cloudy Night;3;14;ENE;3 ;85;0;48;0  
 30-Sep-2022 02:00;13;Partly Cloudy Night;3;13;ENE;4 ;87;0;42;0  
 30-Sep-2022 03:00;13;Partly Cloudy Night;3;13;E;2 ;86;0;40;0  
 30-Sep-2022 04:00;13;Partly Cloudy Night;3;13;ESE;2 ;85;0;37;0  
 30-Sep-2022 05:00;13;Partly Cloudy Night;3;13;E;2 ;85;0;36;0  
 30-Sep-2022 06:00;12;Mostly Clear Night;3;12;E;3 ;87;0;29;0  
 30-Sep-2022 07:00;12;Mostly Clear Night;3;12;E;4 ;86;0;29;0  
 30-Sep-2022 08:00;11;Sunny;2;11;E;5 ;95;0;16;0  
 30-Sep-2022 09:00;14;Sunny;2;14;E;7 ;86;1;19;0  
 30-Sep-2022 10:00;16;Sunny;1;16;ENE;5 ;74;2;5;0  
 30-Sep-2022 11:00;19;Sunny;1;19;N;4 ;65;3;6;0  
 30-Sep-2022 12:00;19;Sunny;1;19;WNW;7 ;67;5;14;0  
 30-Sep-2022 13:00;19;Sunny;1;19;W;9 ;65;5;8;0  
 30-Sep-2022 14:00;19;Sunny;0;19;WNW;10 ;67;5;5;0  
 30-Sep-2022 15:00;19;Sunny;1;19;WNW;11 ;70;4;6;0  
 30-Sep-2022 16:00;20;Sunny;1;20;WNW;12 ;68;3;9;0  
 30-Sep-2022 17:00;19;Mostly Sunny;1;19;NW;11 ;72;1;20;0  
 30-Sep-2022 18:00;20;Partly Cloudy;2;20;NW;11 ;68;0;38;0  
 30-Sep-2022 19:00;19;Partly Cloudy;2;19;NNW;8 ;76;0;39;0  
 30-Sep-2022 20:00;17;Partly Cloudy Night;3;17;NNW;8 ;86;0;50;0  
 30-Sep-2022 21:00;16;Partly Cloudy Night;8;16;N;7 ;90;0;52;0  
 30-Sep-2022 22:00;15;Partly Cloudy Night;14;15;NNE;6 ;93;0;51;0  
 30-Sep-2022 23:00;15;Partly Cloudy Night;14;15;NE;6 ;94;0;59;0  
 01-Oct-2022 00:00;14;Partly Cloudy Night;2;14;NNE;2 ;86;0;49;0  
 01-Oct-2022 01:00;14;Mostly Cloudy Night;19;14;NE;4 ;86;0;60;0  
 01-Oct-2022 02:00;13;Mostly Cloudy Night;3;13;ENE;5 ;91;0;74;0  
 01-Oct-2022 03:00;12;Mostly Cloudy Night;3;12;E;4 ;92;0;66;0  
 01-Oct-2022 04:00;12;Mostly Cloudy Night;3;12;ESE;4 ;95;0;63;0  
 01-Oct-2022 05:00;11;Partly Cloudy Night;8;11;E;4 ;95;0;59;0  
 01-Oct-2022 06:00;11;Partly Cloudy Night;14;11;E;4 ;96;0;53;0  
 01-Oct-2022 07:00;11;Partly Cloudy Night;14;11;E;6 ;94;0;47;0  
 01-Oct-2022 08:00;11;Mostly Sunny;12;11;E;5 ;94;0;28;0  
 01-Oct-2022 09:00;14;Mostly Sunny;9;14;E;6 ;85;1;23;0  
 01-Oct-2022 10:00;16;Sunny;5;16;ENE;6 ;74;2;18;0  
 01-Oct-2022 11:00;19;Sunny;4;19;NE;5 ;65;3;10;0  
 01-Oct-2022 12:00;20;Sunny;2;20;WNW;6 ;58;5;13;0  
 01-Oct-2022 13:00;21;Sunny;0;21;WNW;7 ;56;5;17;0  
 01-Oct-2022 14:00;22 Sunny;0;22 WNW;9 ;58;5;14;0  
 01-Oct-2022 15:00;22 Sunny;2;22 WNW;11 ;62;4;12;0  
 01-Oct-2022 16:00;20;Sunny;1;20;WNW;12 ;66;3;7;0  
 01-Oct-2022 17:00;19;Sunny;1;19;NW;11 ;68;1;9;0  
 01-Oct-2022 18:00;20;Partly Cloudy;2;20;NW;11 ;68;0;30;0  
 01-Oct-2022 19:00;19;Mostly Sunny;2;19;NNW;9 ;74;0;20;0  
 01-Oct-2022 20:00;17;Partly Cloudy Night;2;17;N;10 ;83;0;32;0  
 01-Oct-2022 21:00;16;Partly Cloudy Night;3;16;N;7 ;84;0;38;0  
 01-Oct-2022 22:00;16;Partly Cloudy Night;3;16;NNE;5 ;88;0;33;0  
 01-Oct-2022 23:00;15;Partly Cloudy Night;3;15;NE;7 ;85;0;34;0  
 02-Oct-2022 00:00;14;Partly Cloudy Night;12;14;ENE;5 ;94;0;42;0  
 02-Oct-2022 01:00;14;Partly Cloudy Night;12;14;ENE;5 ;95;0;47;0  
 02-Oct-2022 02:00;14;Partly Cloudy Night;12;14;ENE;5 ;95;0;49;0  
 02-Oct-2022 03:00;14;Partly Cloudy Night;3;14;ENE;4 ;84;0;34;0  
 02-Oct-2022 04:00;14;Partly Cloudy Night;2;14;ENE;5 ;85;0;36;0  
 02-Oct-2022 05:00;14;Partly Cloudy Night;2;14;ENE;5 ;85;0;40;0  
 02-Oct-2022 06:00;13;Partly Cloudy Night;2;13;ENE;6 ;85;0;41;0  
 02-Oct-2022 07:00;14;Partly Cloudy Night;2;13;ENE;6 ;84;0;42;0  
 02-Oct-2022 08:00;14;Partly Cloudy;2;14;ENE;6 ;84;0;39;0  
 02-Oct-2022 09:00;16;Partly Cloudy;2;16;ENE;6 ;75;1;35;0  
 02-Oct-2022 10:00;18;Mostly Sunny;1;18;ENE;7 ;69;2;24;0  
 02-Oct-2022 11:00;22 Mostly Sunny;1;22 ENE;5 ;61;3;23;0  
 02-Oct-2022 12:00;22 Sunny;0;22 NNE;6 ;56;5;2;0  
 02-Oct-2022 13:00;22 Sunny;1;22 NW;6 ;55;5;0;0  
 02-Oct-2022 14:00;23;Sunny;1;23;NW;7 ;57;5;4;0  
 02-Oct-2022 15:00;24;Sunny;1;24;NW;11 ;57;4;5;0  
 02-Oct-2022 16:00;24;Sunny;0;24;NW;12 ;53;3;6;0  
 02-Oct-2022 17:00;24;Sunny;1;24;NW;14 ;52;1;0;0  
 02-Oct-2022 18:00;24;Sunny;1;24;NNW;14 ;49;0;0;0  
 02-Oct-2022 19:00;22 Sunny;1;22 NNW;13 ;54;0;0;0  
 02-Oct-2022 20:00;21;Clear Night;1;21;N;10 ;59;0;0;0  
 02-Oct-2022 21:00;20;Clear Night;2;20;NNE;7 ;61;0;0;0  
 02-Oct-2022 22:00;20;Clear Night;2;20;ENE;4 ;66;0;0;0  
 02-Oct-2022 23:00;19;Clear Night;2;19;E;4 ;68;0;1;0  
 03-Oct-2022 00:00;19;Clear Night;2;19;E;3 ;69;0;0;0  
 03-Oct-2022 01:00;18;Clear Night;2;18;E;7 ;68;0;0;0  
 03-Oct-2022 02:00;18;Clear Night;2;18;E;6 ;65;0;0;0  
 03-Oct-2022 03:00;18;Clear Night;2;18;E;5 ;67;0;10;0  
 03-Oct-2022 04:00;17;Clear Night;1;17;E;8 ;65;0;0;0  
 03-Oct-2022 05:00;17;Clear Night;1;17;E;6 ;66;0;0;0  
 03-Oct-2022 06:00;17;Mostly Clear Night;1;17;E;8 ;65;0;20;0  
 03-Oct-2022 07:00;17;Mostly Clear Night;1;17;E;8 ;63;0;29;0  
 03-Oct-2022 08:00;16;Sunny;1;16;ESE;5 ;71;0;6;0  
 03-Oct-2022 09:00;18;Sunny;1;18;ESE;9 ;66;1;16;0  
 03-Oct-2022 10:00;20;Sunny;0;20;ESE;7 ;60;2;11;0  
 03-Oct-2022 11:00;21;Sunny;0;21;S;4 ;54;3;0;0  
 03-Oct-2022 12:00;22 Sunny;0;22 SW;7 ;52;4;0;0  
 03-Oct-2022 13:00;23;Sunny;0;23;WSW;7 ;52;5;0;0  
 03-Oct-2022 14:00;23;Sunny;0;23;W;9 ;49;5;1;0  
 03-Oct-2022 15:00;23;Sunny;0;23;W;9 ;49;4;1;0  
 03-Oct-2022 16:00;24;Sunny;1;24;WNW;10 ;46;3;2;0  
 03-Oct-2022 17:00;23;Sunny;1;23;WNW;10 ;49;1;3;0  
 03-Oct-2022 18:00;22 Sunny;1;22 WNW;8 ;55;0;3;0  
 03-Oct-2022 19:00;21;Sunny;2;21;NW;6 ;64;0;2;0  
 03-Oct-2022 20:00;19;Clear Night;2;19;NW;6 ;72;0;5;0  
 03-Oct-2022 21:00;18;Clear Night;2;18;NNW;3 ;79;0;3;0  
 03-Oct-2022 22:00;18;Clear Night;2;18;NNW;4 ;82;0;5;0  
 03-Oct-2022 23:00;18;Clear Night;2;18;E;2 ;80;0;18;0  
 04-Oct-2022 00:00;17;Mostly Cloudy Night;2;17;E;4 ;80;0;79;0  
 04-Oct-2022 01:00;17;Cloudy;2;17;E;2 ;79;0;84;0  
 04-Oct-2022 02:00;16;Cloudy;2;16;ENE;3 ;81;0;86;0  
 04-Oct-2022 03:00;16;Foggy;2;16;ENE;4 ;84;0;96;0  
 04-Oct-2022 04:00;15;Foggy;2;15;NE;4 ;84;0;99;0  
 04-Oct-2022 05:00;15;Cloudy;2;15;ENE;2 ;82;0;87;0  
 04-Oct-2022 06:00;14;Foggy;2;14;NNE;2 ;84;0;100;0  
 04-Oct-2022 07:00;14;Foggy;2;14;NNE;4 ;84;0;100;0  
 04-Oct-2022 08:00;14;Foggy;2;14;NNE;6 ;85;0;100;0  
 04-Oct-2022 09:00;16;Foggy;2;16;NNE;7 ;84;0;100;0  
 04-Oct-2022 10:00;16;Mostly Cloudy;2;16;N;6 ;81;1;76;0  
 04-Oct-2022 11:00;17;Sunny;1;17;NW;4 ;83;3;14;0  
 04-Oct-2022 12:00;19;Mostly Sunny;1;19;WNW;8 ;75;4;20;0  
 04-Oct-2022 13:00;20;Sunny;1;20;WNW;10 ;70;5;14;0  
 04-Oct-2022 14:00;20;Sunny;1;20;WNW;10 ;64;5;7;0  
 04-Oct-2022 15:00;21;Sunny;1;21;WNW;11 ;63;4;12;0  
 04-Oct-2022 16:00;21;Sunny;1;21;WNW;11 ;60;3;1;0  
 04-Oct-2022 17:00;21;Sunny;1;21;NW;11 ;63;1;3;0  
 04-Oct-2022 18:00;20;Sunny;1;20;NW;9 ;65;0;4;0  
 04-Oct-2022 19:00;18;Sunny;2;18;NW;6 ;75;0;0;0  
 04-Oct-2022 20:00;18;Clear Night;2;18;NW;5 ;77;0;6;0  
 04-Oct-2022 21:00;17;Clear Night;2;17;NNW;5 ;79;0;6;0  
 04-Oct-2022 22:00;16;Clear Night;2;16;NNW;6 ;81;0;7;0  
 04-Oct-2022 23:00;14;Clear Night;2;14;N;4 ;94;0;2;0  
 05-Oct-2022 00:00;13;Clear Night;2;13;NE;4 ;93;0;4;0  
 05-Oct-2022 01:00;13;Clear Night;2;13;NNE;3 ;94;0;4;0  
 05-Oct-2022 02:00;12;Clear Night;2;12;NNE;4 ;94;0;5;0  
 05-Oct-2022 03:00;12;Clear Night;2;12;NNE;3 ;94;0;6;0  
 05-Oct-2022 04:00;12;Clear Night;2;12;NNE;3 ;95;0;6;0  
 05-Oct-2022 05:00;11;Clear Night;2;11;NNE;4 ;95;0;5;0  
 05-Oct-2022 06:00;11;Clear Night;2;11;NE;5 ;94;0;5;0  
 05-Oct-2022 07:00;12;Clear Night;2;12;NE;4 ;93;0;7;0  
 05-Oct-2022 08:00;12;Sunny;2;12;NE;2 ;96;0;6;0  
 05-Oct-2022 09:00;14;Sunny;2;14;NNE;6 ;88;0;5;0  
 05-Oct-2022 10:00;16;Sunny;1;16;N;7 ;81;2;1;0  
 05-Oct-2022 11:00;19;Sunny;1;19;NNW;10 ;74;3;0;0  
 05-Oct-2022 12:00;19;Sunny;1;19;NW;10 ;70;4;0;0  
 05-Oct-2022 13:00;20;Sunny;1;20;NW;14 ;71;5;0;0  
 05-Oct-2022 14:00;21;Sunny;1;21;NW;13 ;65;5;4;0  
 05-Oct-2022 15:00;21;Sunny;1;21;NW;15 ;66;4;3;0  
 05-Oct-2022 16:00;21;Sunny;1;21;NW;19 ;67;3;4;0  
 05-Oct-2022 17:00;20;Sunny;1;20;NW;19 ;69;1;5;0  
 05-Oct-2022 18:00;19;Sunny;2;19;NW;17 ;79;0;7;0  
 05-Oct-2022 19:00;19;Sunny;2;19;NNW;15 ;80;0;9;0  
 05-Oct-2022 20:00;18;Clear Night;2;18;NNW;12 ;87;0;7;0  
 05-Oct-2022 21:00;17;Clear Night;3;17;NNW;10 ;87;0;11;0  
 05-Oct-2022 22:00;16;Partly Cloudy Night;3;16;N;4 ;92;0;30;0  
 05-Oct-2022 23:00;16;Mostly Clear Night;3;16;NE;2 ;89;0;26;0  
 06-Oct-2022 00:00;16;Mostly Clear Night;3;16;NE;1 ;87;0;20;0  
 06-Oct-2022 01:00;16;Partly Cloudy Night;3;16;NE;2 ;86;0;34;0  
 06-Oct-2022 02:00;16;Partly Cloudy Night;3;16;ENE;4 ;82;0;38;0  
 06-Oct-2022 03:00;16;Partly Cloudy Night;2;16;E;3 ;82;0;44;0  
 06-Oct-2022 04:00;16;Partly Cloudy Night;2;16;E;4 ;81;0;45;0  
 06-Oct-2022 05:00;16;Partly Cloudy Night;2;16;E;7 ;80;0;44;0  
 06-Oct-2022 06:00;16;Partly Cloudy Night;2;16;E;5 ;77;0;55;0  
 06-Oct-2022 07:00;15;Partly Cloudy Night;1;15;E;10 ;79;0;54;0  
 06-Oct-2022 08:00;16;Partly Cloudy;1;15;E;10 ;80;0;53;0  
 06-Oct-2022 09:00;17;Partly Cloudy;1;17;E;11 ;73;0;42;0  
 06-Oct-2022 10:00;19;Partly Cloudy;1;19;E;12 ;66;1;41;0  
 06-Oct-2022 11:00;20;Partly Cloudy;0;20;E;12 ;63;3;47;0  
 06-Oct-2022 12:00;22 Partly Cloudy;0;22 E;12 ;55;4;49;0  
 06-Oct-2022 13:00;23;Partly Cloudy;0;23;SE;9 ;52;5;52;0  
 06-Oct-2022 14:00;24;Partly Cloudy;0;24;WSW;7 ;54;5;41;0  
 06-Oct-2022 15:00;23;Partly Cloudy;0;23;WNW;9 ;58;4;41;0  
 06-Oct-2022 16:00;23;Partly Cloudy;0;23;WNW;10 ;55;3;39;0  
 06-Oct-2022 17:00;23;Partly Cloudy;1;23;WNW;9 ;56;1;34;0  
 06-Oct-2022 18:00;22 Partly Cloudy;1;22 NW;8 ;59;0;35;0  
 06-Oct-2022 19:00;21;Partly Cloudy;1;21;NNW;6 ;63;0;38;0  
 06-Oct-2022 20:00;20;Partly Cloudy Night;2;20;NNE;4 ;69;0;40;0  
 06-Oct-2022 21:00;19;Clear Night;2;19;SE;0 ;72;0;14;0  
 06-Oct-2022 22:00;19;Clear Night;2;19;SE;1 ;73;0;2;0  
 06-Oct-2022 23:00;19;Clear Night;2;19;SSE;1 ;76;0;9;0  
 07-Oct-2022 00:00;18;Clear Night;2;18;SSE;0 ;77;0;7;0  
 07-Oct-2022 01:00;17;Clear Night;2;17;SSE;2 ;79;0;7;0  
 07-Oct-2022 02:00;17;Mostly Clear Night;2;17;SSE;3 ;80;0;20;0  
 07-Oct-2022 03:00;16;Mostly Clear Night;2;16;SSE;2 ;82;0;24;0  
 07-Oct-2022 04:00;15;Mostly Clear Night;2;15;SSE;4 ;87;0;24;0  
 07-Oct-2022 05:00;15;Clear Night;2;15;SSE;3 ;85;0;10;0  
 07-Oct-2022 06:00;15;Clear Night;2;15;SSE;2 ;86;0;6;0  
 07-Oct-2022 07:00;15;Clear Night;2;15;SE;4 ;84;0;13;0  
 07-Oct-2022 08:00;16;Sunny;2;16;SE;4 ;84;0;3;0  
 07-Oct-2022 09:00;18;Sunny;2;18;SE;4 ;79;0;3;0  
 07-Oct-2022 10:00;19;Sunny;1;19;S;5 ;76;1;3;0  
 07-Oct-2022 11:00;20;Sunny;1;20;SW;7 ;73;3;3;0  
 07-Oct-2022 12:00;20;Sunny;1;20;WSW;8 ;72;4;5;0  
 07-Oct-2022 13:00;21;Sunny;1;21;WSW;9 ;71;5;8;0  
 07-Oct-2022 14:00;22 Sunny;1;22 W;10 ;67;5;10;0  
 07-Oct-2022 15:00;21;Mostly Sunny;1;21;W;12 ;69;4;20;0  
 07-Oct-2022 16:00;21;Mostly Sunny;1;21;WNW;12 ;73;2;27;0  
 07-Oct-2022 17:00;20;Cloudy;1;20;NW;9 ;77;0;92;0  
 07-Oct-2022 18:00;20;Mostly Sunny;2;20;NW;7 ;76;0;27;0  
 07-Oct-2022 19:00;19;Sunny;2;19;NNW;5 ;82;0;19;0  
 07-Oct-2022 20:00;18;Clear Night;2;18;NNW;4 ;84;0;19;0  
 07-Oct-2022 21:00;17;Clear Night;2;17;ENE;0 ;88;0;10;0  
 07-Oct-2022 22:00;17;Clear Night;2;17;ESE;0 ;86;0;7;0  
 07-Oct-2022 23:00;16;Clear Night;2;16;SE;1 ;86;0;2;0  
 08-Oct-2022 00:00;16;Mostly Cloudy Night;2;16;SE;2 ;87;0;79;0  
 08-Oct-2022 01:00;15;Cloudy;2;15;ESE;2 ;86;0;85;0  
 08-Oct-2022 02:00;15;Cloudy;2;15;ESE;1 ;89;0;92;0  
 08-Oct-2022 03:00;15;Foggy;2;15;SE;5 ;87;0;90;0  
 08-Oct-2022 04:00;14;Mostly Clear Night;3;14;SE;4 ;88;0;23;0  
 08-Oct-2022 05:00;14;Cloudy;3;14;ESE;2 ;90;0;100;0  
 08-Oct-2022 06:00;14;Cloudy;3;14;ESE;4 ;87;0;95;0  
 08-Oct-2022 07:00;14;Cloudy;2;14;ESE;4 ;86;0;86;0  
 08-Oct-2022 08:00;13;Mostly Sunny;2;13;ESE;3 ;91;0;28;0  
 08-Oct-2022 09:00;15;Mostly Cloudy;2;15;ESE;5 ;83;0;72;0  
 08-Oct-2022 10:00;17;Mostly Cloudy;1;17;ESE;5 ;75;1;79;0  
 08-Oct-2022 11:00;20;Sunny;1;20;SE;4 ;70;3;16;0  
 08-Oct-2022 12:00;20;Sunny;1;20;SW;5 ;77;4;18;0  
 08-Oct-2022 13:00;19;Sunny;1;19;W;8 ;80;5;14;0  
 08-Oct-2022 14:00;20;Sunny;1;20;W;9 ;69;5;16;0  
 08-Oct-2022 15:00;20;Sunny;1;20;W;10 ;70;4;9;0  
 08-Oct-2022 16:00;20;Cloudy;1;20;W;8 ;66;2;84;0  
 08-Oct-2022 17:00;20;Sunny;1;20;W;6 ;69;1;7;0  
 08-Oct-2022 18:00;19;Sunny;1;19;WNW;7 ;70;0;7;0  
 08-Oct-2022 19:00;19;Sunny;2;19;WNW;3 ;77;0;11;0  
 08-Oct-2022 20:00;17;Cloudy;2;17;SSW;3 ;80;0;86;0  
 08-Oct-2022 21:00;17;Clear Night;2;17;SSE;3 ;83;0;6;0  
 08-Oct-2022 22:00;16;Clear Night;2;16;S;0 ;85;0;9;0  
 08-Oct-2022 23:00;15;Cloudy;3;15;SSW;2 ;84;0;89;0  
 09-Oct-2022 00:00;15;Cloudy;3;15;SSW;2 ;87;0;96;0  
 09-Oct-2022 01:00;15;Cloudy;3;15;SSW;3 ;88;0;97;0  
 09-Oct-2022 02:00;14;Cloudy;3;14;SSW;2 ;88;0;97;0  
 09-Oct-2022 03:00;14;Cloudy;3;14;S;3 ;89;0;100;0  
 09-Oct-2022 04:00;14;Cloudy;3;14;S;2 ;91;0;97;0  
 09-Oct-2022 05:00;14;Mostly Cloudy Night;3;14;SSE;2 ;91;0;75;0  
 09-Oct-2022 06:00;14;Mostly Cloudy Night;3;14;SSE;4 ;91;0;77;0  
 09-Oct-2022 07:00;15;Cloudy;3;15;SE;4 ;92;0;80;0  
 09-Oct-2022 08:00;15;Cloudy;3;15;SE;2 ;92;0;82;0  
 09-Oct-2022 09:00;15;Cloudy;3;15;SE;5 ;94;0;100;0  
 09-Oct-2022 10:00;16;Cloudy;2;16;SSE;5 ;92;1;85;0  
 09-Oct-2022 11:00;17;Cloudy;2;17;S;6 ;92;2;84;0  
 09-Oct-2022 12:00;18;Cloudy;2;18;SW;6 ;86;3;83;0  
 09-Oct-2022 13:00;18;Cloudy;17;18;WSW;7 ;81;3;84;0  
 09-Oct-2022 14:00;18;Scattered Showers;81;18;WSW;10 ;83;3;83;0,04  
 09-Oct-2022 15:00;18;Mostly Cloudy;2;18;WSW;12 ;80;2;77;0  
 09-Oct-2022 16:00;18;Scattered Showers;82;18;WSW;9 ;79;2;80;0,19  
 09-Oct-2022 17:00;17;Scattered Showers;93;17;WSW;10 ;83;1;80;0,36  
 09-Oct-2022 18:00;18;Scattered Showers;92;18;SW;7 ;85;0;80;0,24  
 09-Oct-2022 19:00;17;Scattered Showers;88;17;SW;5 ;86;0;80;0,08  
 09-Oct-2022 20:00;17;Rain;92;17;SSW;5 ;87;0;100;0,67  
 09-Oct-2022 21:00;16;Scattered Showers;71;16;SSW;3 ;91;0;80;0,04  
 09-Oct-2022 22:00;16;Mostly Cloudy Night;12;16;S;2 ;90;0;72;0  
 09-Oct-2022 23:00;16;Scattered Showers;73;16;S;5 ;87;0;80;0,04  
 10-Oct-2022 00:00;16;Scattered Showers;72;16;S;6 ;86;0;79;0,02  
 10-Oct-2022 01:00;16;Scattered Showers;87;16;SSE;6 ;81;0;81;0,13  
 10-Oct-2022 02:00;16;Cloudy;19;16;SSE;6 ;87;0;88;0  
 10-Oct-2022 03:00;16;Cloudy;20;16;SSE;9 ;86;0;87;0  
 10-Oct-2022 04:00;16;Scattered Showers;93;16;SSE;6 ;86;0;89;0,73  
 10-Oct-2022 05:00;16;Scattered Showers;45;15;SSE;10 ;90;0;87;0,03  
 10-Oct-2022 06:00;15;Cloudy;20;15;SSE;8 ;90;0;88;0  
 10-Oct-2022 07:00;15;Scattered Showers;31;15;SSE;11 ;92;0;90;0,09  
 10-Oct-2022 08:00;15;Scattered Showers;47;15;SSE;10 ;94;0;91;0,19  
 10-Oct-2022 09:00;16;Scattered Showers;70;16;SSE;10 ;91;0;91;0,01  
 10-Oct-2022 10:00;17;Scattered Showers;78;17;SSE;11 ;91;1;88;0,15  
 10-Oct-2022 11:00;18;Scattered Showers;90;18;S;12 ;90;1;88;0,7  
 10-Oct-2022 12:00;18;Scattered Showers;97;18;S;11 ;90;2;88;0,42  
 10-Oct-2022 13:00;17;Scattered Showers;89;17;S;7 ;96;3;85;0,18  
 10-Oct-2022 14:00;18;Scattered Showers;76;18;SSW;5 ;92;3;76;0,04  
 10-Oct-2022 15:00;18;Cloudy;9;18;SSW;5 ;94;2;86;0  
 10-Oct-2022 16:00;19;Mostly Cloudy;6;19;SW;8 ;92;1;79;0  
 10-Oct-2022 17:00;18;Partly Cloudy;6;18;WSW;8 ;94;1;59;0  
 10-Oct-2022 18:00;18;Partly Cloudy;6;18;W;6 ;96;0;59;0  
 10-Oct-2022 19:00;18;Partly Cloudy;6;18;NW;5 ;95;0;59;0  
 10-Oct-2022 20:00;17;Partly Cloudy Night;4;17;N;3 ;100;0;59;0  
 10-Oct-2022 21:00;17;Partly Cloudy Night;4;17;NE;3 ;99;0;59;0  
 10-Oct-2022 22:00;17;Partly Cloudy Night;3;17;ENE;2 ;98;0;50;0  
 10-Oct-2022 23:00;17;Mostly Cloudy Night;3;17;ENE;2 ;96;0;79;0  
 11-Oct-2022 00:00;17;Cloudy;3;17;NE;2 ;96;0;87;0  
 11-Oct-2022 01:00;16;Foggy;3;16;NE;3 ;96;0;100;0  
 11-Oct-2022 02:00;16;Foggy;3;16;ENE;3 ;97;0;95;0  
 11-Oct-2022 03:00;16;Cloudy;3;16;ENE;3 ;97;0;88;0  
 11-Oct-2022 04:00;15;Cloudy;3;15;NE;3 ;97;0;87;0  
 11-Oct-2022 05:00;15;Cloudy;3;15;NE;5 ;97;0;87;0  
 11-Oct-2022 06:00;15;Cloudy;3;15;ENE;4 ;96;0;93;0  
 11-Oct-2022 07:00;15;Cloudy;3;15;NE;7 ;97;0;98;0  
 11-Oct-2022 08:00;15;Foggy;3;15;NE;6 ;99;0;81;0  
 11-Oct-2022 09:00;16;Mostly Sunny;2;16;ENE;5 ;95;0;29;0  
 11-Oct-2022 10:00;17;Mostly Sunny;2;17;ENE;4 ;89;1;27;0  
 11-Oct-2022 11:00;20;Sunny;2;20;ENE;7 ;84;3;19;0  
 11-Oct-2022 12:00;21;Sunny;1;21;N;5 ;72;4;3;0  
 11-Oct-2022 13:00;22 Sunny;1;22 WNW;5 ;73;5;7;0  
 11-Oct-2022 14:00;21;Sunny;1;21;WNW;9 ;77;4;16;0  
 11-Oct-2022 15:00;21;Sunny;1;21;WNW;13 ;76;4;16;0  
 11-Oct-2022 16:00;21;Sunny;1;21;NW;13 ;73;2;11;0  
 11-Oct-2022 17:00;21;Sunny;1;21;NW;12 ;75;1;0;0  
 11-Oct-2022 18:00;21;Sunny;2;21;NW;11 ;74;0;3;0  
 11-Oct-2022 19:00;19;Sunny;2;19;NNW;9 ;79;0;3;0  
 11-Oct-2022 20:00;19;Clear Night;2;19;NNW;6 ;83;0;5;0  
 11-Oct-2022 21:00;18;Clear Night;2;18;NNW;4 ;86;0;6;0  
 11-Oct-2022 22:00;17;Clear Night;3;17;N;2 ;88;0;6;0  
 11-Oct-2022 23:00;17;Mostly Clear Night;3;17;SE;3 ;90;0;20;0  
 12-Oct-2022 00:00;17;Partly Cloudy Night;3;17;ESE;0 ;89;0;30;0  
 12-Oct-2022 01:00;17;Partly Cloudy Night;3;17;E;2 ;90;0;38;0  
 12-Oct-2022 02:00;16;Partly Cloudy Night;3;16;ESE;1 ;90;0;47;0  
 12-Oct-2022 03:00;16;Partly Cloudy Night;3;16;ESE;3 ;89;0;51;0  
 12-Oct-2022 04:00;16;Partly Cloudy Night;3;16;E;1 ;91;0;40;0  
 12-Oct-2022 05:00;15;Mostly Clear Night;3;15;E;3 ;92;0;25;0  
 12-Oct-2022 06:00;15;Clear Night;3;15;ENE;3 ;92;0;14;0  
 12-Oct-2022 07:00;16;Mostly Cloudy Night;3;16;E;4 ;88;0;75;0  
 12-Oct-2022 08:00;15;Sunny;2;15;E;4 ;92;0;6;0  
 12-Oct-2022 09:00;16;Cloudy;2;16;E;3 ;88;0;83;0  
 12-Oct-2022 10:00;18;Sunny;2;18;E;3 ;85;1;13;0  
 12-Oct-2022 11:00;19;Sunny;1;19;NW;5 ;82;3;17;0  
 12-Oct-2022 12:00;20;Sunny;1;20;WNW;5 ;75;4;4;0  
 12-Oct-2022 13:00;20;Sunny;1;20;W;8 ;77;5;12;0  
 12-Oct-2022 14:00;21;Sunny;1;21;WNW;8 ;73;4;11;0  
 12-Oct-2022 15:00;21;Mostly Sunny;1;21;WNW;11 ;72;3;20;0  
 12-Oct-2022 16:00;21;Mostly Sunny;1;21;NW;11 ;71;2;26;0  
 12-Oct-2022 17:00;21;Sunny;1;21;NW;13 ;73;1;0;0  
 12-Oct-2022 18:00;20;Sunny;2;20;NW;13 ;75;0;6;0  
 12-Oct-2022 19:00;19;Clear Night;2;19;NNW;11 ;79;0;14;0  
 12-Oct-2022 20:00;18;Mostly Clear Night;2;18;NNW;7 ;85;0;23;0  
 12-Oct-2022 21:00;17;Clear Night;3;17;NNW;6 ;87;0;0;0  
 12-Oct-2022 22:00;17;Partly Cloudy Night;3;17;NNW;1 ;89;0;30;0  
 12-Oct-2022 23:00;16;Partly Cloudy Night;3;16;NW;1 ;90;0;41;0  
 13-Oct-2022 00:00;16;Partly Cloudy Night;3;16;NNW;2 ;88;0;30;0  
 13-Oct-2022 01:00;16;Cloudy;3;16;N;2 ;88;0;100;0  
 13-Oct-2022 02:00;16;Foggy;3;16;N;2 ;87;0;45;0  
 13-Oct-2022 03:00;15;Foggy;3;15;NNE;2 ;90;0;60;0  
 13-Oct-2022 04:00;15;Foggy;3;15;NNE;1 ;87;0;56;0  
 13-Oct-2022 05:00;14;Foggy;3;14;N;4 ;88;0;100;0  
 13-Oct-2022 06:00;14;Foggy;3;14;N;4 ;91;0;99;0  
 13-Oct-2022 07:00;14;Foggy;3;14;NE;3 ;93;0;97;0  
 13-Oct-2022 08:00;14;Foggy;3;14;NE;1 ;92;0;98;0  
 13-Oct-2022 09:00;15;Foggy;3;15;NNE;2 ;97;0;76;0  
 13-Oct-2022 10:00;16;Cloudy;2;16;N;5 ;96;1;88;0  
 13-Oct-2022 11:00;17;Cloudy;2;17;NNW;6 ;88;1;96;0  
 13-Oct-2022 12:00;18;Cloudy;2;18;NW;7 ;79;2;93;0  
 13-Oct-2022 13:00;18;Cloudy;1;18;WNW;9 ;84;2;95;0  
 13-Oct-2022 14:00;19;Partly Cloudy;1;19;NW;9 ;81;4;46;0  
 13-Oct-2022 15:00;19;Partly Cloudy;1;19;NW;13 ;79;3;48;0  
 13-Oct-2022 16:00;19;Partly Cloudy;1;19;NW;14 ;80;2;40;0  
 13-Oct-2022 17:00;19;Sunny;2;19;NW;16 ;86;1;17;0  
 13-Oct-2022 18:00;19;Sunny;2;19;NW;13 ;87;0;7;0  
 13-Oct-2022 19:00;18;Partly Cloudy Night;3;18;NNW;12 ;91;0;30;0  
 13-Oct-2022 20:00;17;Partly Cloudy Night;3;17;NNW;10 ;94;0;34;0  
 13-Oct-2022 21:00;17;Partly Cloudy Night;3;17;NNW;9 ;94;0;38;0  
 13-Oct-2022 22:00;16;Partly Cloudy Night;3;16;NNW;7 ;97;0;34;0  
 13-Oct-2022 23:00;17;Partly Cloudy Night;3;17;N;9 ;96;0;42;0  
 14-Oct-2022 00:00;17;Partly Cloudy Night;3;17;N;5 ;92;0;30;0  
 14-Oct-2022 01:00;16;Mostly Cloudy Night;3;16;NNE;5 ;95;0;65;0  
 14-Oct-2022 02:00;16;Cloudy;3;16;NNE;2 ;93;0;100;0  
 14-Oct-2022 03:00;16;Cloudy;3;16;NE;3 ;95;0;98;0  
 14-Oct-2022 04:00;16;Cloudy;3;16;NE;5 ;94;0;94;0  
 14-Oct-2022 05:00;15;Cloudy;3;15;ENE;5 ;98;0;92;0  
 14-Oct-2022 06:00;15;Cloudy;3;15;NE;5 ;100;0;86;0  
 14-Oct-2022 07:00;15;Foggy;3;15;ENE;5 ;100;0;63;0  
 14-Oct-2022 08:00;15;Foggy;3;15;ENE;3 ;100;0;64;0  
 14-Oct-2022 09:00;15;Partly Cloudy;3;15;ENE;4 ;100;0;59;0  
 14-Oct-2022 10:00;17;Partly Cloudy;2;17;NE;6 ;95;1;31;0  
 14-Oct-2022 11:00;18;Partly Cloudy;2;18;N;5 ;92;3;47;0  
 14-Oct-2022 12:00;19;Partly Cloudy;2;19;NW;8 ;86;4;31;0  
 14-Oct-2022 13:00;20;Partly Cloudy;2;20;NW;12 ;85;4;48;0  
 14-Oct-2022 14:00;20;Mostly Sunny;2;20;NW;14 ;82;4;27;0  
 14-Oct-2022 15:00;20;Mostly Sunny;2;20;NW;16 ;83;3;29;0  
 14-Oct-2022 16:00;20;Sunny;2;20;NW;16 ;82;2;18;0  
 14-Oct-2022 17:00;20;Sunny;2;20;NW;16 ;81;1;18;0  
 14-Oct-2022 18:00;19;Mostly Sunny;2;19;NW;15 ;84;0;20;0  
 14-Oct-2022 19:00;19;Mostly Clear Night;3;19;NNW;12 ;85;0;29;0  
 14-Oct-2022 20:00;17;Clear Night;3;17;NNW;9 ;90;0;18;0  
 14-Oct-2022 21:00;17;Clear Night;3;17;NNW;5 ;90;0;19;0  
 14-Oct-2022 22:00;16;Clear Night;3;16;N;4 ;90;0;8;0  
 14-Oct-2022 23:00;16;Clear Night;3;16;N;2 ;87;0;10;0  
 15-Oct-2022 00:00;16;Mostly Clear Night;3;16;NNE;4 ;89;0;22 0  
 15-Oct-2022 01:00;15;Partly Cloudy Night;3;15;NNE;5 ;89;0;30;0  
 15-Oct-2022 02:00;15;Cloudy;3;15;ENE;2 ;90;0;97;0  
 15-Oct-2022 03:00;15;Partly Cloudy Night;3;15;E;3 ;91;0;51;0  
 15-Oct-2022 04:00;14;Cloudy;3;14;ESE;2 ;92;0;100;0  
 15-Oct-2022 05:00;14;Cloudy;3;14;ESE;4 ;92;0;100;0  
 15-Oct-2022 06:00;14;Foggy;3;14;ESE;5 ;94;0;60;0  
 15-Oct-2022 07:00;14;Foggy;5;14;ESE;6 ;97;0;64;0  
 15-Oct-2022 08:00;14;Foggy;6;14;ESE;7 ;97;0;64;0  
 15-Oct-2022 09:00;15;Foggy;3;14;SE;9 ;98;0;66;0  
 15-Oct-2022 10:00;16;Cloudy;2;16;SE;9 ;94;1;83;0  
 15-Oct-2022 11:00;17;Cloudy;2;17;S;6 ;88;2;80;0  
 15-Oct-2022 12:00;18;Cloudy;2;18;SSW;9 ;87;2;84;0  
 15-Oct-2022 13:00;18;Mostly Cloudy;2;17;SW;11 ;90;3;71;0  
 15-Oct-2022 14:00;18;Cloudy;2;18;SW;12 ;88;2;88;0  
 15-Oct-2022 15:00;18;Cloudy;15;18;SW;13 ;91;1;99;0  
 15-Oct-2022 16:00;18;Mostly Cloudy;2;18;SW;12 ;89;1;75;0  
 15-Oct-2022 17:00;18;Cloudy;7;18;SSW;13 ;91;1;85;0  
 15-Oct-2022 18:00;18;Cloudy;6;18;SSW;13 ;91;0;84;0  
 15-Oct-2022 19:00;17;Cloudy;7;17;SSW;11 ;93;0;88;0  
 15-Oct-2022 20:00;17;Cloudy;5;17;S;9 ;93;0;97;0  
 15-Oct-2022 21:00;17;Cloudy;6;17;S;11 ;94;0;89;0  
 15-Oct-2022 22:00;17;Cloudy;10;17;S;11 ;96;0;83;0  
 15-Oct-2022 23:00;17;Cloudy;6;17;S;13 ;95;0;82;0  
 16-Oct-2022 00:00;17;Foggy;8;17;S;12 ;96;0;89;0  
 16-Oct-2022 01:00;17;Foggy;9;17;S;14 ;93;0;88;0  
 16-Oct-2022 02:00;17;Foggy;7;16;S;16 ;94;0;84;0  
 16-Oct-2022 03:00;17;Foggy;7;16;S;16 ;94;0;82;0  
 16-Oct-2022 04:00;17;Foggy;4;16;S;16 ;96;0;81;0  
 16-Oct-2022 05:00;16;Foggy;4;16;S;17 ;97;0;83;0  
 16-Oct-2022 06:00;17;Foggy;5;16;SSE;18 ;94;0;86;0  
 16-Oct-2022 07:00;17;Cloudy;5;16;SSE;18 ;90;0;86;0  
 16-Oct-2022 08:00;17;Cloudy;5;16;SSE;19 ;90;0;86;0  
 16-Oct-2022 09:00;17;Cloudy;6;17;SSE;21 ;90;0;80;0  
 16-Oct-2022 10:00;18;Mostly Cloudy;8;17;SSE;22 ;88;1;64;0  
 16-Oct-2022 11:00;19;Cloudy;13;19;S;25 ;82;1;91;0  
 16-Oct-2022 12:00;19;Cloudy;15;19;S;25 ;80;2;98;0  
 16-Oct-2022 13:00;19;Scattered Showers;36;19;S;23 ;81;2;97;0  
 16-Oct-2022 14:00;19;Scattered Showers;83;19;SSW;20 ;77;2;93;0,14  
 16-Oct-2022 15:00;19;Scattered Showers;80;19;SSW;20 ;83;1;89;0,25  
 16-Oct-2022 16:00;19;Cloudy;7;19;SSW;16 ;84;1;85;0  
 16-Oct-2022 17:00;19;Cloudy;8;19;SSW;15 ;84;0;88;0  
 16-Oct-2022 18:00;18;Cloudy;11;18;SSW;16 ;86;0;89;0  
 16-Oct-2022 19:00;18;Cloudy;14;18;SSW;15 ;85;0;80;0  
 16-Oct-2022 20:00;18;Scattered Showers;31;18;SSW;16 ;87;0;64;0,01  
 16-Oct-2022 21:00;18;Cloudy;16;18;S;10 ;84;0;82;0  
 16-Oct-2022 22:00;17;Scattered Showers;45;17;S;8 ;84;0;84;0  
 16-Oct-2022 23:00;17;Scattered Showers;70;16;S;11 ;87;0;80;0,03  
 17-Oct-2022 00:00;17;Rain;89;16;S;12 ;85;0;100;0,68  
 17-Oct-2022 01:00;17;Scattered Showers;79;16;S;11 ;90;0;80;0,13  
 17-Oct-2022 02:00;17;Mostly Cloudy Night;13;16;S;9 ;90;0;66;0  
 17-Oct-2022 03:00;16;Mostly Cloudy Night;14;16;S;10 ;89;0;68;0  
 17-Oct-2022 04:00;17;Mostly Cloudy Night;15;17;S;7 ;90;0;60;0  
 17-Oct-2022 05:00;16;Mostly Cloudy Night;16;16;SSE;8 ;89;0;60;0  
 17-Oct-2022 06:00;16;Scattered Showers;33;16;S;3 ;89;0;79;0  
 17-Oct-2022 07:00;17;Scattered Showers;80;16;SSE;12 ;87;0;81;0,07  
 17-Oct-2022 08:00;17;Rain;93;16;S;13 ;90;0;100;1,5  
 17-Oct-2022 09:00;18;Rain;97;18;S;12 ;88;0;100;1,95  
 17-Oct-2022 10:00;18;Rain;95;18;S;15 ;88;0;100;1,83  
 17-Oct-2022 11:00;19;Scattered Showers;84;19;S;12 ;87;2;80;0,03  
 17-Oct-2022 12:00;19;Scattered Showers;45;19;S;11 ;84;3;69;0,02  
 17-Oct-2022 13:00;20;Scattered Showers;71;20;SSW;16 ;81;3;80;0  
 17-Oct-2022 14:00;20;Scattered Thunderstorms;50;20;SSW;16 ;77;4;60;0  
 17-Oct-2022 15:00;20;Partly Cloudy;4;20;SW;13 ;79;3;37;0  
 17-Oct-2022 16:00;21;Partly Cloudy;2;21;SW;14 ;77;2;42;0  
 17-Oct-2022 17:00;20;Sunny;2;20;SSW;13 ;79;1;19;0  
 17-Oct-2022 18:00;20;Sunny;2;20;SSW;9 ;79;0;11;0  
 17-Oct-2022 19:00;19;Clear Night;2;19;SSE;6 ;84;0;5;0  
 17-Oct-2022 20:00;18;Clear Night;2;18;SSE;4 ;88;0;13;0  
 17-Oct-2022 21:00;18;Clear Night;3;18;SE;5 ;87;0;8;0  
 17-Oct-2022 22:00;18;Clear Night;3;18;SE;6 ;87;0;10;0  
 17-Oct-2022 23:00;18;Clear Night;3;18;SE;7 ;87;0;8;0  
 18-Oct-2022 00:00;18;Partly Cloudy Night;3;18;SE;7 ;85;0;30;0  
 18-Oct-2022 01:00;17;Partly Cloudy Night;3;17;SE;8 ;85;0;39;0  
 18-Oct-2022 02:00;17;Partly Cloudy Night;2;17;SE;9 ;85;0;39;0  
 18-Oct-2022 03:00;18;Partly Cloudy Night;2;18;SSE;11 ;82;0;42;0  
 18-Oct-2022 04:00;18;Partly Cloudy Night;2;18;SSE;11 ;80;0;49;0  
 18-Oct-2022 05:00;17;Partly Cloudy Night;2;17;SSE;15 ;84;0;40;0  
 18-Oct-2022 06:00;18;Partly Cloudy Night;2;17;SSE;17 ;81;0;44;0  
 18-Oct-2022 07:00;18;Partly Cloudy Night;2;17;SSE;19 ;81;0;45;0  
 18-Oct-2022 08:00;17;Partly Cloudy;2;17;SSE;16 ;84;0;46;0  
 18-Oct-2022 09:00;18;Partly Cloudy;1;18;SSE;20 ;80;0;48;0  
 18-Oct-2022 10:00;20;Partly Cloudy;2;20;S;23 ;75;1;50;0  
 18-Oct-2022 11:00;21;Wind;3;21;S;32 ;71;2;45;0  
 18-Oct-2022 12:00;21;Wind;12;21;S;32 ;68;3;33;0  
 18-Oct-2022 13:00;22 Wind;17;22 S;32 ;68;3;65;0  
 18-Oct-2022 14:00;21;Scattered Showers;40;21;SSW;29 ;69;3;69;0  
 18-Oct-2022 15:00;20;Scattered Showers;73;20;SSW;25 ;76;2;80;0,01  
 18-Oct-2022 16:00;20;Thunderstorm;85;20;SSW;22 ;77;1;85;0,24  
 18-Oct-2022 17:00;19;Thunderstorm;92;19;SSW;23 ;87;0;80;0,48  
 18-Oct-2022 18:00;19;Thunderstorm;93;19;S;22 ;93;0;82;3,52  
 18-Oct-2022 19:00;18;Cloudy;20;18;S;20 ;94;0;80;0  
 18-Oct-2022 20:00;18;Cloudy;20;18;S;19 ;91;0;84;0  
 18-Oct-2022 21:00;18;Thunderstorm;82;18;S;18 ;93;0;76;0,3  
 18-Oct-2022 22:00;18;Thunderstorm;79;18;S;18 ;92;0;79;0,03  
 18-Oct-2022 23:00;18;Mostly Cloudy Night;19;18;S;19 ;90;0;79;0  
 19-Oct-2022 00:00;19;Mostly Cloudy Night;19;19;S;19 ;87;0;60;0  
 19-Oct-2022 01:00;19;Mostly Cloudy Night;19;19;S;22 ;86;0;71;0  
 19-Oct-2022 02:00;18;Cloudy;20;18;S;23 ;86;0;81;0  
 19-Oct-2022 03:00;18;Mostly Cloudy Night;21;18;S;25 ;84;0;76;0  
 19-Oct-2022 04:00;18;Thunderstorm;76;18;S;32 ;87;0;83;0,05  
 19-Oct-2022 05:00;18;Thunderstorm;85;17;S;38 ;87;0;87;0,24  
 19-Oct-2022 06:00;19;Scattered Showers;97;19;S;41 ;84;0;90;1,65  
 19-Oct-2022 07:00;18;Heavy Rain;98;18;SSW;33 ;87;0;100;5,73  
 19-Oct-2022 08:00;16;Scattered Showers;95;14;SSW;28 ;100;0;88;0,5  
 19-Oct-2022 09:00;17;Scattered Showers;81;16;SSW;27 ;91;0;86;0,02  
 19-Oct-2022 10:00;17;Scattered Showers;45;16;SSW;23 ;92;1;78;0  
 19-Oct-2022 11:00;17;Scattered Showers;71;16;SSW;23 ;92;1;80;0  
 19-Oct-2022 12:00;18;Scattered Showers;56;17;SSW;25 ;86;2;82;0  
 19-Oct-2022 13:00;18;Scattered Showers;50;17;SSW;25 ;84;3;85;0  
 19-Oct-2022 14:00;18;Mostly Cloudy;24;17;SSW;22 ;87;3;69;0  
 19-Oct-2022 15:00;18;Scattered Showers;85;17;SSW;26 ;84;2;80;0,68  
 19-Oct-2022 16:00;18;Partly Cloudy;21;17;SSW;26 ;87;2;59;0  
 19-Oct-2022 17:00;18;Scattered Thunderstorms;52;17;SSW;25 ;84;1;60;0  
 19-Oct-2022 18:00;17;Thunderstorm;98;16;S;24 ;82;0;75;8,47  
 19-Oct-2022 19:00;17;Thunderstorm;76;16;S;22 ;84;0;75;0,04  
 19-Oct-2022 20:00;16;Partly Cloudy Night;17;15;S;21 ;90;0;59;0  
 19-Oct-2022 21:00;16;Partly Cloudy Night;16;15;S;20 ;90;0;49;0  
 19-Oct-2022 22:00;16;Mostly Cloudy Night;24;15;SSE;25 ;88;0;61;0  
 19-Oct-2022 23:00;16;Mostly Cloudy Night;13;15;S;21 ;89;0;62;0  
 20-Oct-2022 00:00;16;Partly Cloudy Night;14;15;SSE;24 ;85;0;46;0  
 20-Oct-2022 01:00;16;Partly Cloudy Night;17;14;SSE;23 ;87;0;47;0  
 20-Oct-2022 02:00;15;Mostly Cloudy Night;17;14;S;21 ;87;0;60;0  
 20-Oct-2022 03:00;15;Mostly Cloudy Night;14;14;S;22 ;89;0;62;0  
 20-Oct-2022 04:00;15;Scattered Showers;52;14;S;25 ;89;0;69;0,02  
 20-Oct-2022 05:00;16;Mostly Cloudy Night;13;15;S;27 ;85;0;65;0  
 20-Oct-2022 06:00;16;Mostly Cloudy Night;13;14;S;27 ;88;0;65;0  
 20-Oct-2022 07:00;16;Partly Cloudy Night;16;15;S;30 ;88;0;49;0  
 20-Oct-2022 08:00;16;Partly Cloudy;17;14;S;27 ;88;0;50;0  
 20-Oct-2022 09:00;16;Wind;21;15;S;32 ;86;0;60;0  
 20-Oct-2022 10:00;17;Wind;23;16;S;33 ;87;0;90;0  
 20-Oct-2022 11:00;18;Scattered Showers;89;16;S;33 ;88;1;80;0,14  
 20-Oct-2022 12:00;18;Rain;90;17;SSW;39 ;87;2;100;0,76  
 20-Oct-2022 13:00;18;Scattered Thunderstorms;57;17;SSW;35 ;90;2;85;0,05  
 20-Oct-2022 14:00;18;Scattered Showers;70;17;SSW;35 ;89;2;80;0,09  
 20-Oct-2022 15:00;18;Thunderstorm;89;16;SSW;32 ;93;2;75;0,01  
 20-Oct-2022 16:00;18;Partly Cloudy;18;17;SSW;26 ;92;2;59;0  
 20-Oct-2022 17:00;18;Partly Cloudy;18;17;SSW;25 ;90;1;47;0  
 20-Oct-2022 18:00;18;Partly Cloudy;18;17;SSW;25 ;90;0;55;0  
 20-Oct-2022 19:00;17;Mostly Cloudy Night;18;16;SSW;22 ;91;0;62;0  
 20-Oct-2022 20:00;17;Partly Cloudy Night;18;17;SSW;17 ;89;0;50;0  
 20-Oct-2022 21:00;17;Mostly Cloudy Night;18;16;SSW;20 ;92;0;65;0  
 20-Oct-2022 22:00;17;Cloudy;17;16;SSW;19 ;91;0;86;0  
 20-Oct-2022 23:00;17;Cloudy;17;16;SSW;19 ;90;0;93;0  
 21-Oct-2022 00:00;16;Mostly Cloudy Night;16;16;S;18 ;92;0;75;0  
 21-Oct-2022 01:00;16;Mostly Cloudy Night;16;15;S;19 ;93;0;62;0  
 21-Oct-2022 02:00;16;Cloudy;16;15;S;19 ;92;0;97;0  
 21-Oct-2022 03:00;16;Scattered Showers;42;15;S;18 ;93;0;84;0  
 21-Oct-2022 04:00;16;Scattered Showers;91;15;S;20 ;95;0;89;0,01  
 21-Oct-2022 05:00;16;Scattered Showers;66;15;S;19 ;94;0;89;0  
 21-Oct-2022 06:00;16;Cloudy;17;15;S;19 ;95;0;80;0  
 21-Oct-2022 07:00;16;Cloudy;19;15;S;21 ;92;0;89;0  
 21-Oct-2022 08:00;16;Rain;89;15;S;20 ;93;0;100;0,61  
 21-Oct-2022 09:00;17;Scattered Showers;74;16;S;21 ;93;0;87;0  
 21-Oct-2022 10:00;17;Rain;99;16;SSW;24 ;94;0;100;3,2  
 21-Oct-2022 11:00;17;Scattered Showers;33;16;SSW;25 ;92;1;88;0  
 21-Oct-2022 12:00;18;Mostly Cloudy;21;17;SSW;26 ;88;3;74;0  
 21-Oct-2022 13:00;18;Thunderstorm;93;17;SSW;27 ;88;2;78;0,75  
 21-Oct-2022 14:00;18;Thunderstorm;88;18;SSW;24 ;88;2;75;0,19  
 21-Oct-2022 15:00;18;Thunderstorm;93;17;SSW;20 ;87;2;80;0,89  
 21-Oct-2022 16:00;19;Thunderstorm;61;19;SSW;25 ;84;1;75;0  
 21-Oct-2022 17:00;18;Scattered Showers;45;18;SSW;22 ;86;1;63;0,03  
 21-Oct-2022 18:00;18;Mostly Cloudy;19;17;SSW;20 ;87;0;74;0  
 21-Oct-2022 19:00;18;Scattered Showers;57;17;S;20 ;88;0;76;0  
 21-Oct-2022 20:00;17;Mostly Cloudy Night;19;16;S;18 ;89;0;73;0  
 21-Oct-2022 21:00;17;Mostly Cloudy Night;18;16;S;20 ;90;0;67;0  
 21-Oct-2022 22:00;17;Mostly Cloudy Night;19;16;S;20 ;89;0;69;0  
 21-Oct-2022 23:00;17;Mostly Cloudy Night;17;16;S;22 ;87;0;60;0  
 22-Oct-2022 00:00;17;Scattered Showers;81;16;S;20 ;89;0;71;0,11  
 22-Oct-2022 01:00;17;Mostly Cloudy Night;18;15;S;23 ;89;0;72;0  
 22-Oct-2022 02:00;16;Cloudy;18;15;S;22 ;87;0;81;0  
 22-Oct-2022 03:00;16;Mostly Cloudy Night;16;15;S;24 ;88;0;73;0  
 22-Oct-2022 04:00;17;Mostly Cloudy Night;21;15;S;25 ;87;0;74;0  
 22-Oct-2022 05:00;17;Mostly Cloudy Night;14;15;S;26 ;88;0;71;0  
 22-Oct-2022 06:00;16;Mostly Cloudy Night;13;15;S;26 ;90;0;70;0  
 22-Oct-2022 07:00;16;Mostly Cloudy Night;17;15;S;28 ;89;0;76;0  
 22-Oct-2022 08:00;16;Mostly Cloudy;18;15;S;27 ;89;0;75;0  
 22-Oct-2022 09:00;17;Wind;16;16;S;32 ;86;0;76;0  
 22-Oct-2022 10:00;18;Wind;18;16;S;34 ;86;1;73;0  
 22-Oct-2022 11:00;18;Wind;18;17;S;35 ;84;2;72;0  
 22-Oct-2022 12:00;19;Wind;19;19;S;37 ;80;2;79;0  
 22-Oct-2022 13:00;19;Scattered Showers;77;19;S;38 ;80;2;89;0,03  
 22-Oct-2022 14:00;18;Scattered Showers;97;17;SSW;29 ;84;1;100;0,52  
 22-Oct-2022 15:00;18;Thunderstorm;63;17;SSW;20 ;87;2;80;0  
 22-Oct-2022 16:00;18;Scattered Showers;52;17;SSW;21 ;87;1;82;0  
 22-Oct-2022 17:00;18;Scattered Thunderstorms;59;17;SSW;20 ;88;0;87;0,05  
 22-Oct-2022 18:00;17;Scattered Thunderstorms;54;16;SSW;21 ;89;0;93;0,09  
 22-Oct-2022 19:00;16;Scattered Showers;42;16;SSW;19 ;91;0;94;0,08  
 22-Oct-2022 20:00;16;Scattered Showers;50;15;S;17 ;94;0;95;0,08  
 22-Oct-2022 21:00;16;Scattered Showers;76;15;S;16 ;93;0;93;0,32  
 22-Oct-2022 22:00;16;Scattered Showers;85;15;S;17 ;94;0;94;0,4  
 22-Oct-2022 23:00;16;Scattered Showers;82;15;S;18 ;93;0;95;0,3  
 23-Oct-2022 15:00;18;Thunderstorm;63;17;SSW;20 ;87;2;80;0  
 23-Oct-2022 16:00;18;Scattered Showers;52;17;SSW;21 ;85;1;79;0,02  
 23-Oct-2022 17:00;17;Cloudy;22 17;SSW;21 ;88;0;80;0  
 23-Oct-2022 18:00;18;Scattered Thunderstorms;78;17;SSW;20 ;84;0;77;0,19  
 23-Oct-2022 19:00;17;Cloudy;20;16;S;16 ;89;0;80;0  
 23-Oct-2022 20:00;16;Rain;59;16;S;15 ;91;0;100;0,02  
 23-Oct-2022 21:00;16;Cloudy;22 16;S;14 ;90;0;85;0  
 23-Oct-2022 22:00;16;Scattered Showers;40;15;S;17 ;92;0;83;0  
 23-Oct-2022 23:00;16;Scattered Showers;54;16;S;17 ;90;0;79;0  
 24-Oct-2022 00:00;16;Scattered Showers;68;15;S;16 ;89;0;84;0  
 24-Oct-2022 01:00;16;Rain;90;15;S;17 ;92;0;100;0,63  
 24-Oct-2022 02:00;16;Mostly Cloudy Night;17;15;S;17 ;93;0;69;0  
 24-Oct-2022 03:00;16;Rain;93;15;S;16 ;93;0;100;0,62  
 24-Oct-2022 04:00;16;Scattered Showers;76;15;S;16 ;93;0;86;0,11  
 24-Oct-2022 05:00;15;Rain;92;15;S;16 ;94;0;100;0,93  
 24-Oct-2022 06:00;15;Scattered Showers;70;14;S;18 ;95;0;82;0  
 24-Oct-2022 07:00;16;Scattered Showers;81;15;S;18 ;92;0;90;0,13  
 24-Oct-2022 08:00;16;Cloudy;17;15;S;15 ;92;0;84;0  
 24-Oct-2022 09:00;16;Cloudy;16;15;S;18 ;92;0;89;0  
 24-Oct-2022 10:00;17;Mostly Cloudy;16;16;S;18 ;91;1;74;0  
 24-Oct-2022 11:00;17;Scattered Showers;35;16;S;20 ;89;1;87;0  
 24-Oct-2022 12:00;18;Scattered Showers;78;18;S;19 ;83;2;80;0,18  
 24-Oct-2022 13:00;18;Cloudy;14;17;S;20 ;87;2;87;0  
 24-Oct-2022 14:00;18;Mostly Cloudy;15;18;S;18 ;86;2;78;0  
 24-Oct-2022 15:00;18;Mostly Cloudy;16;18;SSW;17 ;85;2;73;0  
 24-Oct-2022 16:00;19;Mostly Cloudy;17;19;S;16 ;81;1;76;0  
 24-Oct-2022 17:00;18;Mostly Cloudy;21;18;S;14 ;84;0;70;0  
 24-Oct-2022 18:00;18;Mostly Cloudy;24;18;SSE;13 ;84;0;67;0  
 24-Oct-2022 19:00;18;Mostly Cloudy Night;21;18;SSE;11 ;84;0;68;0  
 24-Oct-2022 20:00;17;Mostly Cloudy Night;11;17;SE;7 ;89;0;75;0  
 24-Oct-2022 21:00;17;Scattered Showers;38;17;SE;9 ;89;0;67;0,01  
 24-Oct-2022 22:00;17;Scattered Showers;63;17;SE;9 ;89;0;80;0,04  
 24-Oct-2022 23:00;17;Cloudy;12;17;SE;10 ;86;0;80;0  
 25-Oct-2022 00:00;17;Mostly Cloudy Night;11;17;SE;10 ;85;0;62;0  
 25-Oct-2022 01:00;17;Scattered Showers;59;17;SE;10 ;82;0;78;0,04  
 25-Oct-2022 02:00;17;Scattered Showers;75;17;SE;10 ;84;0;80;0,17  
 25-Oct-2022 03:00;17;Scattered Showers;75;17;SSE;10 ;84;0;87;0,09  
 25-Oct-2022 04:00;17;Scattered Showers;79;17;SSE;11 ;85;0;87;0,14  
 25-Oct-2022 05:00;17;Scattered Showers;38;17;SSE;15 ;84;0;89;0,05  
 25-Oct-2022 06:00;17;Scattered Showers;66;16;SSE;17 ;87;0;90;0,04  
 25-Oct-2022 07:00;17;Rain;70;16;SSE;20 ;89;0;100;0,67  
 25-Oct-2022 08:00;16;Rain;99;15;S;22 ;92;0;100;2,13  
 25-Oct-2022 09:00;16;Thunderstorm;100;15;S;26 ;94;0;100;2,65  
 25-Oct-2022 10:00;17;Thunderstorm;88;16;S;30 ;95;0;97;0,95  
 25-Oct-2022 11:00;17;Thunderstorm;95;16;SSW;31 ;94;1;94;2  
 25-Oct-2022 12:00;18;Rain;90;19;SSW;30 ;89;2;100;1,12  
 25-Oct-2022 13:00;19;Scattered Showers;77;19;SSW;30 ;89;3;80;0,21  
 25-Oct-2022 14:00;19;Scattered Showers;79;19;SSW;27 ;87;3;80;0,3  
 25-Oct-2022 15:00;19;Scattered Showers;76;20;SSW;27 ;88;3;80;0,23  
 25-Oct-2022 16:00;19;Scattered Showers;73;20;SSW;26 ;87;2;80;0,2  
 25-Oct-2022 17:00;19;Scattered Showers;73;19;SSW;27 ;88;1;80;0,2  
 25-Oct-2022 18:00;18;Scattered Showers;71;19;SSW;24 ;90;0;80;0,2  
 25-Oct-2022 19:00;18;Scattered Showers;73;17;S;22 ;92;0;80;0,2  
 25-Oct-2022 20:00;17;Scattered Showers;77;17;S;21 ;95;0;80;0,2  
 25-Oct-2022 21:00;17;Scattered Showers;75;16;S;21 ;95;0;80;0,2  
 25-Oct-2022 22:00;17;Scattered Showers;74;16;S;21 ;96;0;80;0,2  
 25-Oct-2022 23:00;17;Scattered Showers;79;16;S;21 ;94;0;80;0,43  
 26-Oct-2022 00:00;17;Scattered Showers;74;16;S;19 ;94;0;82;0,2  
 26-Oct-2022 01:00;17;Scattered Showers;73;16;S;20 ;93;0;84;0,2  
 26-Oct-2022 02:00;17;Scattered Showers;72;16;S;20 ;91;0;85;0,1  
 26-Oct-2022 03:00;17;Scattered Showers;78;16;S;19 ;93;0;84;0,25  
 26-Oct-2022 04:00;17;Scattered Showers;76;16;S;19 ;93;0;83;0,2  
 26-Oct-2022 05:00;17;Scattered Showers;77;16;S;18 ;94;0;83;0,2  
 26-Oct-2022 06:00;17;Scattered Showers;71;16;S;19 ;94;0;80;0,1  
 26-Oct-2022 07:00;17;Scattered Showers;70;16;S;19 ;93;0;82;0,14  
 26-Oct-2022 08:00;17;Scattered Showers;47;16;SSE;18 ;94;0;87;0,1  
 26-Oct-2022 09:00;17;Scattered Showers;46;17;SSE;19 ;92;0;85;0,1  
 26-Oct-2022 10:00;18;Scattered Showers;51;18;SSE;19 ;88;0;90;0,1  
 26-Oct-2022 11:00;19;Scattered Showers;47;19;SSE;18 ;83;1;82;0,1  
 26-Oct-2022 12:00;20;Scattered Showers;40;21;SSE;19 ;75;2;87;0,1  
 26-Oct-2022 13:00;21;Scattered Showers;56;21;S;20 ;72;2;88;0,2  
 26-Oct-2022 14:00;21;Scattered Showers;77;21;S;17 ;71;2;86;0,42  
 26-Oct-2022 15:00;21;Thunderstorm;79;21;S;15 ;78;2;87;1,86  
 26-Oct-2022 16:00;20;Thunderstorm;85;21;S;15 ;83;1;89;0,62  
 26-Oct-2022 17:00;20;Thunderstorm;81;21;S;14 ;85;0;89;0,49  
 26-Oct-2022 18:00;20;Thunderstorm;79;20;S;13 ;87;0;87;0,57  
 26-Oct-2022 19:00;19;Thunderstorm;78;20;S;12 ;89;0;89;0,55  
 26-Oct-2022 20:00;18;Thunderstorm;78;19;S;12 ;91;0;91;0,6  
 26-Oct-2022 21:00;18;Thunderstorm;77;18;S;13 ;90;0;92;0,72  
 26-Oct-2022 22:00;18;Scattered Showers;78;18;S;16 ;91;0;94;0,41  
 26-Oct-2022 23:00;18;Scattered Showers;76;18;S;17 ;90;0;94;0,4  
 27-Oct-2022 00:00;18;Cloudy;20;18;S;24 ;93;0;80;0  
 27-Oct-2022 01:00;19;Cloudy;22 19;S;24 ;92;0;84;0  
 27-Oct-2022 02:00;19;Thunderstorm;82;19;S;22 ;91;0;88;0,1  
 27-Oct-2022 03:00;18;Thunderstorm;93;18;S;21 ;92;0;86;0,93  
 27-Oct-2022 04:00;18;Thunderstorm;95;18;S;22 ;92;0;83;3,06  
 27-Oct-2022 05:00;18;Scattered Showers;84;18;S;22 ;92;0;87;1,86  
 27-Oct-2022 06:00;18;Scattered Showers;89;18;S;18 ;96;0;100;0,45  
 27-Oct-2022 07:00;18;Rain;83;17;S;18 ;97;0;100;0,91  
 27-Oct-2022 08:00;18;Rain;97;18;SSE;12 ;96;0;100;4,42  
 27-Oct-2022 09:00;18;Rain;94;18;SSE;16 ;94;0;100;1,13  
 27-Oct-2022 10:00;19;Scattered Showers;90;19;SSE;16 ;91;1;85;0,22  
 27-Oct-2022 11:00;19;Rain;98;19;SSE;16 ;91;0;100;5,26  
 27-Oct-2022 12:00;18;Scattered Showers;63;18;SSE;18 ;90;2;77;0,23  
 27-Oct-2022 13:00;19;Scattered Showers;80;19;SSE;17 ;89;3;80;0,14  
 27-Oct-2022 14:00;20;Scattered Showers;77;20;SSE;19 ;80;2;80;0,05  
 27-Oct-2022 15:00;20;Heavy Rain;98;20;SSE;16 ;87;0;100;9,63  
 27-Oct-2022 16:00;18;Rain;95;18;SSE;16 ;91;0;100;1,03  
 27-Oct-2022 17:00;19;Heavy Rain;97;19;SSE;16 ;90;0;100;10,49  
 27-Oct-2022 18:00;18;Scattered Showers;94;18;S;14 ;89;0;86;0,27  
 27-Oct-2022 19:00;18;Heavy Rain;97;18;S;13 ;87;0;100;7,58  
 27-Oct-2022 20:00;18;Scattered Showers;76;17;S;15 ;91;0;80;0,08  
 27-Oct-2022 21:00;18;Scattered Showers;85;17;S;16 ;85;0;80;0,49  
 27-Oct-2022 22:00;18;Scattered Showers;70;18;S;18 ;82;0;86;0,06  
 27-Oct-2022 23:00;18;Rain;94;18;S;22 ;79;0;100;1,2  
 28-Oct-2022 00:00;18;Mostly Cloudy Night;19;18;S;23 ;76;0;68;0  
 28-Oct-2022 01:00;18;Mostly Cloudy Night;20;17;S;24 ;77;0;67;0  
 28-Oct-2022 02:00;18;Cloudy;20;18;S;25 ;77;0;80;0  
 28-Oct-2022 03:00;18;Cloudy;21;17;S;24 ;80;0;90;0  
 28-Oct-2022 04:00;18;Scattered Thunderstorms Night;59;17;S;26 ;83;0;93;0,45  
 28-Oct-2022 05:00;18;Thunderstorm;91;17;S;26 ;86;0;95;2,56  
 28-Oct-2022 06:00;18;Thunderstorm;99;17;SSW;27 ;90;0;97;4,48  
 28-Oct-2022 07:00;18;Thunderstorm;99;17;SSW;27 ;93;0;98;3,91  
 28-Oct-2022 08:00;17;Thunderstorm;100;17;SSW;23 ;94;0;98;3,2  
 28-Oct-2022 09:00;17;Rain;97;17;SSW;21 ;95;0;100;2,24  
 28-Oct-2022 10:00;17;Rain;95;16;SSW;20 ;97;0;100;1,52  
 28-Oct-2022 11:00;17;Rain;97;16;SSW;18 ;97;1;100;1,81  
 28-Oct-2022 12:00;17;Rain;98;16;SSW;18 ;97;1;100;2  
 28-Oct-2022 13:00;17;Rain;94;16;SSW;15 ;99;1;100;1,29  
 28-Oct-2022 14:00;17;Rain;90;17;SSW;13 ;95;1;100;1,24  
 28-Oct-2022 15:00;17;Rain;87;17;SSW;12 ;94;1;100;1,14  
 28-Oct-2022 16:00;17;Scattered Showers;73;17;SSW;12 ;90;1;86;0,26  
 28-Oct-2022 17:00;17;Scattered Showers;75;17;S;14 ;88;0;83;0,3  
 28-Oct-2022 18:00;17;Scattered Showers;74;16;S;12 ;90;0;86;0,23  
 28-Oct-2022 19:00;16;Rain;84;16;S;11 ;91;0;100;0,9  
 28-Oct-2022 20:00;16;Rain;89;15;SSW;10 ;94;0;100;0,95  
 28-Oct-2022 21:00;16;Scattered Showers;78;15;S;10 ;94;0;95;0,43  
 28-Oct-2022 22:00;16;Scattered Showers;78;15;S;10 ;94;0;96;0,21  
 28-Oct-2022 23:00;16;Scattered Showers;77;15;S;10 ;94;0;96;0,23  
 29-Oct-2022 00:00;15;Scattered Showers;58;15;S;8 ;95;0;96;0,16  
 29-Oct-2022 01:00;15;Scattered Showers;63;15;S;9 ;96;0;95;0,13  
 29-Oct-2022 01:00;15;Scattered Showers;46;15;S;9 ;97;0;91;0,1  
 29-Oct-2022 02:00;15;Scattered Showers;47;15;S;8 ;96;0;90;0,1  
 29-Oct-2022 03:00;14;Scattered Showers;39;14;SSE;8 ;97;0;87;0,1  
 29-Oct-2022 04:00;14;Scattered Showers;39;14;SSE;7 ;97;0;78;0,1  
 29-Oct-2022 05:00;14;Scattered Showers;39;14;S;6 ;97;0;76;0,1  
 29-Oct-2022 06:00;14;Partly Cloudy Night;24;14;SSE;7 ;96;0;58;0  
 29-Oct-2022 07:00;14;Partly Cloudy Night;24;14;SSE;7 ;95;0;39;0  
 29-Oct-2022 08:00;15;Partly Cloudy;23;15;SE;8 ;94;0;33;0  
 29-Oct-2022 09:00;16;Scattered Showers;33;16;SE;8 ;92;1;40;0  
 29-Oct-2022 10:00;17;Mostly Sunny;18;17;SSE;10 ;84;2;24;0  
 29-Oct-2022 11:00;18;Mostly Sunny;14;18;S;10 ;75;3;25;0  
 29-Oct-2022 12:00;18;Mostly Sunny;5;18;S;9 ;73;3;26;0  
 29-Oct-2022 13:00;19;Partly Cloudy;4;19;SW;8 ;70;3;39;0  
 29-Oct-2022 14:00;19;Partly Cloudy;4;19;WSW;8 ;69;2;36;0  
 29-Oct-2022 16:00;17;Rain;98;17;S;11 ;85;0;100;1  
 29-Oct-2022 17:00;17;Mostly Cloudy;14;17;S;11 ;86;0;70;0  
 29-Oct-2022 18:00;17;Mostly Cloudy;17;17;S;11 ;86;0;73;0  
 29-Oct-2022 19:00;17;Scattered Showers;83;17;S;10 ;87;0;80;0,27  
 29-Oct-2022 20:00;16;Scattered Showers;85;16;S;9 ;91;0;82;0,11  
 29-Oct-2022 21:00;16;Rain;95;16;S;8 ;89;0;100;1  
 29-Oct-2022 22:00;16;Scattered Showers;57;16;S;9 ;92;0;74;0  
 29-Oct-2022 23:00;16;Mostly Cloudy Night;14;16;S;9 ;90;0;68;0  
 30-Oct-2022 00:00;16;Mostly Cloudy Night;13;16;S;8 ;92;0;72;0  
 30-Oct-2022 01:00;16;Cloudy;12;16;S;8 ;92;0;80;0  
 30-Oct-2022 01:00;15;Scattered Showers;33;15;S;7 ;98;0;91;0,03  
 30-Oct-2022 02:00;15;Cloudy;21;15;SSE;7 ;98;0;91;0  
 30-Oct-2022 03:00;15;Cloudy;6;15;SSE;6 ;98;0;93;0  
 30-Oct-2022 04:00;15;Cloudy;19;15;SSE;6 ;96;0;90;0  
 30-Oct-2022 05:00;15;Scattered Showers;32;15;SSE;6 ;95;0;70;0  
 30-Oct-2022 06:00;15;Scattered Showers;32;15;SSE;5 ;94;0;49;0  
 30-Oct-2022 07:00;14;Scattered Showers;33;14;SE;5 ;94;0;43;0  
 30-Oct-2022 08:00;15;Partly Cloudy;24;15;SE;6 ;94;0;41;0  
 30-Oct-2022 09:00;16;Scattered Showers;39;16;SE;7 ;94;1;50;0  
 30-Oct-2022 10:00;17;Partly Cloudy;24;17;SSE;9 ;86;2;41;0  
 30-Oct-2022 11:00;18;Partly Cloudy;14;18;SSE;9 ;77;3;33;0  
 30-Oct-2022 12:00;19;Mostly Sunny;5;19;S;9 ;72;3;25;0  
 30-Oct-2022 13:00;19;Mostly Sunny;4;19;SSW;8 ;68;3;22 0  
 30-Oct-2022 14:00;19;Mostly Sunny;4;19;WSW;8 ;68;2;24;0  
 30-Oct-2022 15:00;19;Mostly Sunny;5;19;WSW;8 ;69;1;27;0  
 30-Oct-2022 16:00;18;Partly Cloudy;5;18;WSW;8 ;71;0;49;0  
 30-Oct-2022 17:00;17;Mostly Cloudy;9;17;WSW;5 ;77;0;61;0  
 30-Oct-2022 18:00;16;Mostly Cloudy Night;11;16;S;3 ;83;0;68;0  
 30-Oct-2022 19:00;15;Mostly Cloudy Night;12;15;SE;3 ;87;0;79;0  
 30-Oct-2022 20:00;15;Mostly Cloudy Night;12;15;ESE;5 ;87;0;77;0  
 30-Oct-2022 21:00;14;Cloudy;12;14;SE;7 ;88;0;88;0  
 30-Oct-2022 22:00;14;Cloudy;11;14;SE;8 ;86;0;89;0  
 30-Oct-2022 23:00;15;Cloudy;9;14;SE;8 ;82;0;93;0  
 31-Oct-2022 00:00;15;Scattered Showers;47;14;SE;9 ;79;0;95;0,1  
 31-Oct-2022 01:00;15;Scattered Showers;72;14;SE;10 ;79;0;96;0,29  
 31-Oct-2022 02:00;15;Rain;76;15;SE;10 ;79;0;100;0,69  
 31-Oct-2022 03:00;15;Rain;92;15;SSE;13 ;79;0;100;1,81  
 31-Oct-2022 04:00;15;Rain;100;15;SSE;15 ;83;0;100;2,36  
 31-Oct-2022 05:00;15;Rain;100;14;SSE;17 ;87;0;100;3,21  
 31-Oct-2022 06:00;15;Rain;100;14;SSE;22 ;90;0;100;2,61  
 31-Oct-2022 07:00;15;Rain;90;14;S;24 ;92;0;100;1,96  
 31-Oct-2022 08:00;16;Rain;89;14;S;28 ;93;0;100;1,86  
 31-Oct-2022 09:00;16;Rain;93;15;S;26 ;94;0;100;1,91  
 31-Oct-2022 10:00;17;Rain;93;15;S;26 ;95;1;100;2,61  
 31-Oct-2022 11:00;17;Rain;94;16;SSW;23 ;92;1;100;1,76  
 31-Oct-2022 12:00;16;Scattered Showers;78;15;WSW;22 ;94;2;84;0,31  
 31-Oct-2022 13:00;17;Scattered Showers;74;16;W;18 ;90;2;65;0,2  
 31-Oct-2022 14:00;17;Scattered Showers;70;16;NW;17 ;85;2;66;0,2  
 31-Oct-2022 15:00;17;Scattered Showers;40;17;NW;16 ;83;1;54;0,1  
 31-Oct-2022 16:00;17;Scattered Showers;32;16;NW;15 ;81;0;46;0,1  
 31-Oct-2022 17:00;16;Scattered Showers;32;16;NW;12 ;84;0;40;0,1  
 31-Oct-2022 18:00;15;Partly Cloudy Night;21;14;NNW;11 ;86;0;32;0  
 31-Oct-2022 19:00;14;Mostly Clear Night;21;14;NNW;9 ;90;0;27;0  
 31-Oct-2022 20:00;13;Mostly Clear Night;24;13;N;7 ;91;0;20;0  
 31-Oct-2022 21:00;13;Clear Night;18;12;N;7 ;95;0;18;0  
